{
    "name": "turtle",
    "title": "jQuery Turtle",
    "description": "jQuery plugin for turtle graphics.  Every element is a turtle that can rotate, move, animate, draw, play music, and test for collisions.",
    "keywords": [
        "turtle",
        "education",
        "transform",
        "canvas",
        "animation",
        "rotate",
        "game",
        "music",
        "audio",
        "collision"
    ],
    "version": "2.0.7",
    "author": {
        "name": "David Bau",
        "url": "http://davidbau.com/"
    },
    "licenses": [
        {
            "type": "MIT",
            "url": "https://github.com/davidbau/jquery-turtle/blob/master/LICENSE.txt"
        }
    ],
    "bugs": "https://github.com/davidbau/jquery-turtle/issues",
    "homepage": "http://davidbau.github.io/jquery-turtle/",
    "demo": "http://davidbau.github.io/jquery-turtle/demo.html",
    "docs": "http://davidbau.github.io/jquery-turtle/",
    "dependencies": {
        "jquery": ">=1.7"
    }
}
